<?xml version="1.0" encoding="UTF-8"?>
<project-private xmlns="http://www.netbeans.org/ns/project-private/1">
    <editor-bookmarks xmlns="http://www.netbeans.org/ns/editor-bookmarks/2" lastBookmarkId="0"/>
    <open-files xmlns="http://www.netbeans.org/ns/projectui-open-files/2">
        <group>
            <file>file:/C:/Users/vina/Documents/NetBeansProjects/RegistroAsignaturas/src/Asignatura.java</file>
            <file>file:/C:/Users/vina/Documents/NetBeansProjects/RegistroAsignaturas/src/Docente.java</file>
            <file>file:/C:/Users/vina/Documents/NetBeansProjects/RegistroAsignaturas/src/Test.java</file>
            <file>file:/C:/Users/vina/Documents/NetBeansProjects/RegistroAsignaturas/src/Estudiante.java</file>
            <file>file:/C:/Users/vina/Documents/NetBeansProjects/RegistroAsignaturas/src/Sede.java</file>
        </group>
    </open-files>
</project-private>
